{
  "validUser": {
    "email": "test1002@gmail.com",
    "username": "iambandireakesh212",
    "password": "Test@123",
    "dob": {
      "date": 3,
      "month": 4,
      "year": 5
    }
  },
  "existingUser": {
    "email": "brr9384@gmail.com",
    "username": "testUser",
    "password": "Test@123",
    "dob": {
      "date": 3,
      "month": 4,
      "year": 5
    }
  },
  "validationUser": {
    "email": "test12@gmail.com",
    "username": "iambandireakesh",
    "password": "Test@123"
  },
  "errorMessages": {
    "emailExists": "Email already exists"
  }
}
